country_id,latitude,longitude,bright_ti4,scan,track,acq_date,acq_time,satellite,instrument,confidence,version,bright_ti5,frp,daynight
USA,46.40363,-87.98119,298.41,0.42,0.61,2025-07-20,657,N21,VIIRS,n,2.0NRT,284.21,1.41,N
USA,46.40687,-87.98155,297.59,0.42,0.61,2025-07-20,657,N21,VIIRS,n,2.0NRT,283.24,0.96,N
USA,46.51691,-84.39294,298.21,0.57,0.52,2025-07-20,657,N21,VIIRS,n,2.0NRT,285.02,0.88,N
USA,46.52076,-84.37753,300.72,0.57,0.52,2025-07-20,657,N21,VIIRS,n,2.0NRT,286.55,1.71,N
USA,46.7307,-92.07508,296.58,0.67,0.74,2025-07-20,657,N21,VIIRS,n,2.0NRT,275.39,1.74,N
USA,32.01932,-82.61383,304.89,0.48,0.4,2025-07-20,659,N21,VIIRS,n,2.0NRT,292.72,1.2,N
USA,32.0796,-82.88841,305.56,0.5,0.41,2025-07-20,659,N21,VIIRS,n,2.0NRT,293.17,1.98,N
USA,32.09202,-80.99924,309.98,0.42,0.38,2025-07-20,659,N21,VIIRS,n,2.0NRT,295.49,1.08,N
USA,32.18929,-83.87738,303.92,0.56,0.43,2025-07-20,659,N21,VIIRS,n,2.0NRT,292.31,5.16,N
USA,32.18996,-83.88329,328.28,0.56,0.43,2025-07-20,659,N21,VIIRS,n,2.0NRT,292.84,5.16,N
USA,32.33115,-86.48727,309.7,0.52,0.5,2025-07-20,659,N21,VIIRS,n,2.0NRT,291.18,1.77,N
USA,32.70077,-80.05283,305.53,0.4,0.37,2025-07-20,659,N21,VIIRS,n,2.0NRT,279.85,0.9,N
USA,33.01033,-79.88641,309.71,0.4,0.37,2025-07-20,659,N21,VIIRS,n,2.0NRT,287.64,4.86,N
USA,33.01368,-79.88573,341.99,0.4,0.37,2025-07-20,659,N21,VIIRS,n,2.0NRT,288.47,4.86,N
USA,33.0406,-81.18066,305.35,0.43,0.38,2025-07-20,659,N21,VIIRS,n,2.0NRT,292.45,1.6,N
USA,33.09232,-86.80496,312.45,0.56,0.51,2025-07-20,659,N21,VIIRS,n,2.0NRT,288.89,3.51,N
USA,33.10175,-86.8039,303.6,0.56,0.51,2025-07-20,659,N21,VIIRS,n,2.0NRT,288.02,1.47,N
USA,33.18048,-86.7557,308.78,0.55,0.51,2025-07-20,659,N21,VIIRS,n,2.0NRT,288.04,1.43,N
USA,33.21705,-86.79326,306.21,0.56,0.51,2025-07-20,659,N21,VIIRS,n,2.0NRT,288.95,1.18,N
USA,33.21917,-86.81744,309.16,0.56,0.51,2025-07-20,659,N21,VIIRS,n,2.0NRT,288.25,1.57,N
USA,33.4391,-88.57082,337.41,0.36,0.57,2025-07-20,659,N21,VIIRS,n,2.0NRT,288.69,4.26,N
USA,33.53366,-86.75845,320.32,0.56,0.51,2025-07-20,659,N21,VIIRS,n,2.0NRT,289.61,3.63,N
USA,33.5426,-86.80641,310.87,0.56,0.52,2025-07-20,659,N21,VIIRS,n,2.0NRT,289.5,3.82,N
USA,33.90931,-94.18945,334.07,0.77,0.77,2025-07-20,659,N21,VIIRS,n,2.0NRT,287.43,8.54,N
USA,33.96323,-81.05264,311.7,0.44,0.38,2025-07-20,659,N21,VIIRS,n,2.0NRT,288.59,1.6,N
USA,34.14977,-79.56112,307.45,0.4,0.37,2025-07-20,659,N21,VIIRS,n,2.0NRT,289.04,1.05,N
USA,34.18085,-80.26926,300.99,0.42,0.37,2025-07-20,659,N21,VIIRS,n,2.0NRT,278.59,0.58,N
USA,34.23987,-84.79975,324.95,0.44,0.46,2025-07-20,659,N21,VIIRS,n,2.0NRT,289.76,3.22,N
USA,34.23998,-84.79744,322.21,0.44,0.46,2025-07-20,659,N21,VIIRS,n,2.0NRT,289.59,2.27,N
USA,34.38958,-91.40854,315.42,0.53,0.67,2025-07-20,659,N21,VIIRS,n,2.0NRT,283.92,2.21,N
USA,34.39084,-91.41026,312.69,0.53,0.67,2025-07-20,659,N21,VIIRS,n,2.0NRT,284.04,1.93,N
USA,34.63847,-87.08475,305.1,0.6,0.53,2025-07-20,659,N21,VIIRS,n,2.0NRT,273.5,1.5,N
USA,34.64039,-87.08489,302.08,0.6,0.53,2025-07-20,659,N21,VIIRS,n,2.0NRT,272.86,2.14,N
USA,34.87929,-90.14333,301.52,0.45,0.63,2025-07-20,659,N21,VIIRS,n,2.0NRT,284.3,0.56,N
USA,34.9132,-80.6947,305.98,0.43,0.38,2025-07-20,659,N21,VIIRS,n,2.0NRT,281.73,1.1,N
USA,35.0483,-89.18598,325.91,0.4,0.6,2025-07-20,659,N21,VIIRS,n,2.0NRT,275.81,2.7,N
USA,35.38002,-81.18383,305.04,0.46,0.39,2025-07-20,659,N21,VIIRS,n,2.0NRT,289.24,0.56,N
USA,35.6108,-89.94598,305.97,0.45,0.63,2025-07-20,659,N21,VIIRS,n,2.0NRT,292.3,1.22,N
USA,35.64504,-89.93349,330.7,0.45,0.63,2025-07-20,659,N21,VIIRS,n,2.0NRT,293.12,5.61,N
USA,35.72474,-88.81079,306.5,0.39,0.59,2025-07-20,659,N21,VIIRS,n,2.0NRT,292.5,0.72,N
USA,35.75606,-92.02128,302.57,0.59,0.7,2025-07-20,659,N21,VIIRS,n,2.0NRT,291.87,1.01,N
USA,35.79294,-91.74848,309.01,0.57,0.69,2025-07-20,659,N21,VIIRS,n,2.0NRT,292.24,2.34,N
USA,35.89492,-89.78286,309.4,0.44,0.63,2025-07-20,659,N21,VIIRS,n,2.0NRT,293.26,1.74,N
USA,35.89922,-89.77942,307.05,0.44,0.62,2025-07-20,659,N21,VIIRS,n,2.0NRT,293.3,2.49,N
USA,35.93764,-89.71582,309.57,0.44,0.62,2025-07-20,659,N21,VIIRS,n,2.0NRT,293.11,3.23,N
USA,37.53806,-76.80811,306.43,0.38,0.36,2025-07-20,659,N21,VIIRS,n,2.0NRT,289.03,1.36,N
USA,38.59473,-82.83097,308.86,0.39,0.44,2025-07-20,659,N21,VIIRS,n,2.0NRT,292.49,1.16,N
USA,38.59829,-82.82584,320.74,0.39,0.44,2025-07-20,659,N21,VIIRS,n,2.0NRT,294.13,1.63,N
USA,38.59874,-82.83032,303.47,0.39,0.44,2025-07-20,659,N21,VIIRS,n,2.0NRT,292.07,1.63,N
USA,38.75588,-84.99316,323.08,0.51,0.49,2025-07-20,659,N21,VIIRS,n,2.0NRT,290.4,3.35,N
USA,38.76091,-84.99891,315.1,0.51,0.49,2025-07-20,659,N21,VIIRS,n,2.0NRT,290.53,3.02,N
USA,38.98853,-87.72221,303.01,0.36,0.57,2025-07-20,659,N21,VIIRS,n,2.0NRT,289.09,0.8,N
USA,38.99934,-87.72544,308.95,0.36,0.57,2025-07-20,659,N21,VIIRS,n,2.0NRT,290.21,1.47,N
USA,39.33367,-81.36393,301.65,0.51,0.41,2025-07-20,659,N21,VIIRS,n,2.0NRT,288.86,1.32,N
USA,39.43364,-77.9751,307.16,0.4,0.37,2025-07-20,659,N21,VIIRS,n,2.0NRT,291.65,1.08,N
USA,39.97682,-86.8378,313.31,0.33,0.55,2025-07-20,659,N21,VIIRS,n,2.0NRT,281.45,1.45,N
USA,40.31078,-80.60916,315.49,0.49,0.4,2025-07-20,659,N21,VIIRS,n,2.0NRT,290.18,2.3,N
USA,40.31446,-80.60842,301.9,0.49,0.4,2025-07-20,659,N21,VIIRS,n,2.0NRT,289.1,2.3,N
USA,40.39264,-79.84934,300.71,0.46,0.39,2025-07-20,659,N21,VIIRS,n,2.0NRT,283.98,4.2,N
USA,40.3933,-79.85474,341.28,0.46,0.39,2025-07-20,659,N21,VIIRS,n,2.0NRT,287.99,4.2,N
USA,40.39394,-79.86012,310.92,0.46,0.39,2025-07-20,659,N21,VIIRS,n,2.0NRT,289.44,4,N
USA,40.73272,-86.4323,308.11,0.64,0.54,2025-07-20,659,N21,VIIRS,n,2.0NRT,287.83,1.58,N
USA,40.75497,-81.42965,308.56,0.53,0.42,2025-07-20,659,N21,VIIRS,n,2.0NRT,288.38,1.43,N
USA,40.75562,-81.43597,303.4,0.53,0.42,2025-07-20,659,N21,VIIRS,n,2.0NRT,289.06,1.43,N
USA,40.75695,-81.42973,310.48,0.53,0.42,2025-07-20,659,N21,VIIRS,n,2.0NRT,288.47,1.1,N
USA,40.92493,-87.34293,295.55,0.36,0.57,2025-07-20,659,N21,VIIRS,n,2.0NRT,280.02,0.27,N
USA,41.1162,-85.35056,301.79,0.56,0.52,2025-07-20,659,N21,VIIRS,n,2.0NRT,288.68,4.39,N
USA,41.1173,-85.35059,337.17,0.56,0.52,2025-07-20,659,N21,VIIRS,n,2.0NRT,289.6,6.41,N
USA,41.12093,-85.34998,337.61,0.56,0.52,2025-07-20,659,N21,VIIRS,n,2.0NRT,290.26,4.39,N
USA,41.13015,-80.69339,299.17,0.5,0.41,2025-07-20,659,N21,VIIRS,n,2.0NRT,284.28,0.37,N
USA,41.13388,-80.69268,302.61,0.5,0.41,2025-07-20,659,N21,VIIRS,n,2.0NRT,285.64,0.37,N
USA,41.17747,-87.85889,302.73,0.38,0.59,2025-07-20,659,N21,VIIRS,n,2.0NRT,273.89,0.76,N
USA,41.22363,-83.2096,308.71,0.44,0.46,2025-07-20,659,N21,VIIRS,n,2.0NRT,290.6,1.9,N
USA,41.24071,-81.7058,303.14,0.56,0.43,2025-07-20,659,N21,VIIRS,n,2.0NRT,288.28,0.84,N
USA,41.36523,-84.92063,303.36,0.54,0.51,2025-07-20,659,N21,VIIRS,n,2.0NRT,288.79,1.9,N
USA,41.46022,-83.36687,303.93,0.45,0.47,2025-07-20,659,N21,VIIRS,n,2.0NRT,290.27,1.33,N
USA,41.46424,-81.67403,310.43,0.56,0.43,2025-07-20,659,N21,VIIRS,n,2.0NRT,283.68,1.82,N
USA,41.46878,-83.36563,317.93,0.45,0.47,2025-07-20,659,N21,VIIRS,n,2.0NRT,291.1,2.45,N
USA,41.61524,-87.32745,298.55,0.36,0.57,2025-07-20,659,N21,VIIRS,n,2.0NRT,282.86,0.79,N
USA,41.61547,-87.33179,303.09,0.36,0.57,2025-07-20,659,N21,VIIRS,n,2.0NRT,283.43,0.79,N
USA,41.62146,-87.34447,299.4,0.36,0.58,2025-07-20,659,N21,VIIRS,n,2.0NRT,281.15,0.78,N
USA,41.62169,-87.34882,309.46,0.36,0.58,2025-07-20,659,N21,VIIRS,n,2.0NRT,282.55,0.78,N
USA,41.62649,-87.145,310.23,0.35,0.57,2025-07-20,659,N21,VIIRS,n,2.0NRT,288.66,1.13,N
USA,41.6315,-87.14026,301.19,0.35,0.57,2025-07-20,659,N21,VIIRS,n,2.0NRT,287.87,1.42,N
USA,41.6365,-87.13551,301.61,0.35,0.57,2025-07-20,659,N21,VIIRS,n,2.0NRT,288.06,2.22,N
USA,41.63682,-87.13474,304.91,0.35,0.57,2025-07-20,659,N21,VIIRS,n,2.0NRT,288.32,1.33,N
USA,41.64088,-87.40878,317.76,0.36,0.58,2025-07-20,659,N21,VIIRS,n,2.0NRT,282.42,1.64,N
USA,41.64207,-87.13434,302.74,0.35,0.57,2025-07-20,659,N21,VIIRS,n,2.0NRT,288.53,1.33,N
USA,41.6631,-87.42446,312.6,0.37,0.58,2025-07-20,659,N21,VIIRS,n,2.0NRT,285.02,2.1,N
USA,41.66455,-87.48162,304.6,0.37,0.58,2025-07-20,659,N21,VIIRS,n,2.0NRT,287.58,1.17,N
USA,41.6686,-87.45448,295.4,0.37,0.58,2025-07-20,659,N21,VIIRS,n,2.0NRT,280.93,0.65,N
USA,41.66881,-87.45892,305.13,0.37,0.58,2025-07-20,659,N21,VIIRS,n,2.0NRT,283.78,0.65,N
USA,41.66903,-87.46337,301.35,0.37,0.58,2025-07-20,659,N21,VIIRS,n,2.0NRT,284.47,0.95,N
USA,41.6701,-87.48561,301.14,0.37,0.58,2025-07-20,659,N21,VIIRS,n,2.0NRT,287.52,1.17,N
USA,41.6701,-87.45489,302.36,0.37,0.58,2025-07-20,659,N21,VIIRS,n,2.0NRT,281.7,1.16,N
USA,41.67035,-87.45932,313.42,0.37,0.58,2025-07-20,659,N21,VIIRS,n,2.0NRT,285,1.16,N
USA,41.67059,-87.46377,303.81,0.37,0.58,2025-07-20,659,N21,VIIRS,n,2.0NRT,283.28,1.08,N
USA,41.6722,-87.41868,308.19,0.37,0.58,2025-07-20,659,N21,VIIRS,n,2.0NRT,285.66,1.88,N
USA,41.67307,-87.43642,302.94,0.37,0.58,2025-07-20,659,N21,VIIRS,n,2.0NRT,284.76,1.13,N
USA,41.67752,-87.41817,316.13,0.37,0.58,2025-07-20,659,N21,VIIRS,n,2.0NRT,288.33,1.88,N
USA,41.67817,-87.43145,315.82,0.37,0.58,2025-07-20,659,N21,VIIRS,n,2.0NRT,287.28,2.7,N
USA,41.67839,-87.43593,301.87,0.37,0.58,2025-07-20,659,N21,VIIRS,n,2.0NRT,286.91,1.13,N
USA,41.68284,-87.41776,310.03,0.37,0.58,2025-07-20,659,N21,VIIRS,n,2.0NRT,288.37,2.56,N
USA,41.68328,-87.42659,303.73,0.37,0.58,2025-07-20,659,N21,VIIRS,n,2.0NRT,288.42,1.29,N
USA,42.28422,-83.11206,307.58,0.44,0.46,2025-07-20,659,N21,VIIRS,n,2.0NRT,290.27,0.82,N
USA,42.29321,-83.16531,317.36,0.45,0.47,2025-07-20,659,N21,VIIRS,n,2.0NRT,290.76,1.77,N
USA,42.29369,-83.17074,307.13,0.45,0.47,2025-07-20,659,N21,VIIRS,n,2.0NRT,291.03,1.77,N
USA,42.29654,-83.15385,338.26,0.45,0.47,2025-07-20,659,N21,VIIRS,n,2.0NRT,292.34,6.93,N
USA,42.29796,-83.17007,313.82,0.45,0.47,2025-07-20,659,N21,VIIRS,n,2.0NRT,290.42,1.59,N
USA,42.30128,-83.15856,302.73,0.45,0.47,2025-07-20,659,N21,VIIRS,n,2.0NRT,291.13,6.93,N
USA,42.76125,-82.75097,303.96,0.43,0.46,2025-07-20,659,N21,VIIRS,n,2.0NRT,289.55,1.2,N
USA,42.87289,-75.43565,295.69,0.38,0.36,2025-07-20,659,N21,VIIRS,n,2.0NRT,280.7,0.34,N
USA,42.92083,-76.83663,305.71,0.4,0.37,2025-07-20,659,N21,VIIRS,n,2.0NRT,289.07,0.47,N
USA,44.52615,-88.01472,301.58,0.41,0.61,2025-07-20,659,N21,VIIRS,n,2.0NRT,287.63,0.76,N
USA,25.85852,-80.34512,314.93,0.38,0.36,2025-07-20,701,N21,VIIRS,n,2.0NRT,295.9,1.01,N
USA,26.27848,-80.1543,320.05,0.38,0.36,2025-07-20,701,N21,VIIRS,n,2.0NRT,296.32,1.28,N
USA,27.90041,-82.16023,313.24,0.42,0.38,2025-07-20,701,N21,VIIRS,n,2.0NRT,293.63,1.16,N
USA,28.17681,-82.18117,306.97,0.43,0.38,2025-07-20,701,N21,VIIRS,n,2.0NRT,292.42,0.53,N
USA,28.25481,-82.2448,310.79,0.43,0.38,2025-07-20,701,N21,VIIRS,n,2.0NRT,293.16,1.72,N
USA,28.36567,-82.61555,304.74,0.44,0.39,2025-07-20,701,N21,VIIRS,n,2.0NRT,293.44,0.9,N
USA,28.37383,-82.24405,305.77,0.43,0.38,2025-07-20,701,N21,VIIRS,n,2.0NRT,292.87,0.59,N
USA,28.84366,-82.16895,306.44,0.43,0.38,2025-07-20,701,N21,VIIRS,n,2.0NRT,292.94,0.88,N
USA,29.39965,-82.51643,304.47,0.45,0.39,2025-07-20,701,N21,VIIRS,n,2.0NRT,294.16,0.63,N
USA,29.59196,-89.90076,306.74,0.39,0.59,2025-07-20,701,N21,VIIRS,n,2.0NRT,293.04,1.59,N
USA,29.59684,-89.89217,310.22,0.39,0.59,2025-07-20,701,N21,VIIRS,n,2.0NRT,293.93,9.35,N
USA,29.59713,-89.89621,333.06,0.39,0.59,2025-07-20,701,N21,VIIRS,n,2.0NRT,294.75,9.35,N
USA,29.59743,-89.90023,367,0.39,0.59,2025-07-20,701,N21,VIIRS,h,2.0NRT,295.67,27.06,N
USA,29.68295,-91.47399,304.64,0.49,0.65,2025-07-20,701,N21,VIIRS,n,2.0NRT,291.02,1.19,N
USA,29.68573,-91.47474,305.08,0.49,0.65,2025-07-20,701,N21,VIIRS,n,2.0NRT,291.3,1.23,N
USA,29.9952,-90.39679,309.67,0.42,0.61,2025-07-20,701,N21,VIIRS,n,2.0NRT,292.45,3.45,N
USA,30.00117,-90.40069,307.63,0.42,0.61,2025-07-20,701,N21,VIIRS,n,2.0NRT,292.34,2.42,N
USA,30.00148,-90.40509,307.4,0.42,0.61,2025-07-20,701,N21,VIIRS,n,2.0NRT,292.52,2.42,N
USA,30.05493,-90.6713,307.14,0.44,0.62,2025-07-20,701,N21,VIIRS,n,2.0NRT,290.6,2,N
USA,30.06329,-90.5998,306.99,0.44,0.62,2025-07-20,701,N21,VIIRS,n,2.0NRT,292.08,3.06,N
USA,30.18794,-90.99094,303.85,0.46,0.64,2025-07-20,701,N21,VIIRS,n,2.0NRT,290.98,1.15,N
USA,30.22897,-81.81995,305.25,0.43,0.38,2025-07-20,701,N21,VIIRS,n,2.0NRT,294.99,0.97,N
USA,30.34081,-88.48423,308.65,0.33,0.55,2025-07-20,701,N21,VIIRS,n,2.0NRT,294.66,2.31,N
USA,30.34109,-88.48763,313.39,0.33,0.55,2025-07-20,701,N21,VIIRS,n,2.0NRT,295.18,2.31,N
USA,30.48176,-91.18267,306.93,0.48,0.65,2025-07-20,701,N21,VIIRS,n,2.0NRT,292.1,4.33,N
USA,30.48539,-91.1812,306.26,0.48,0.65,2025-07-20,701,N21,VIIRS,n,2.0NRT,291.9,4.45,N
USA,30.49441,-89.55041,344.43,0.38,0.59,2025-07-20,701,N21,VIIRS,n,2.0NRT,291.61,5.31,N
USA,30.49666,-89.54913,325.92,0.38,0.59,2025-07-20,701,N21,VIIRS,n,2.0NRT,291.44,4.12,N
USA,30.49694,-89.55309,323.18,0.38,0.59,2025-07-20,701,N21,VIIRS,n,2.0NRT,291.51,4.37,N
USA,30.58495,-91.24394,305.98,0.48,0.65,2025-07-20,701,N21,VIIRS,n,2.0NRT,291.14,1.38,N
USA,30.68273,-85.90439,319.32,0.46,0.47,2025-07-20,701,N21,VIIRS,n,2.0NRT,293.88,3.15,N
USA,30.84599,-83.13403,307.35,0.5,0.41,2025-07-20,701,N21,VIIRS,n,2.0NRT,293.77,0.89,N
USA,30.93974,-88.01419,311.73,0.62,0.54,2025-07-20,701,N21,VIIRS,n,2.0NRT,293,2.89,N
USA,31.15031,-87.9883,328.5,0.62,0.54,2025-07-20,701,N21,VIIRS,n,2.0NRT,292.66,6.18,N
USA,31.36828,-90.20206,304.7,0.43,0.62,2025-07-20,701,N21,VIIRS,n,2.0NRT,290.23,1.11,N
USA,31.36856,-90.20654,304.98,0.43,0.62,2025-07-20,701,N21,VIIRS,n,2.0NRT,290.33,1.11,N
USA,31.37124,-90.20432,316.02,0.43,0.62,2025-07-20,701,N21,VIIRS,n,2.0NRT,290.17,2,N
USA,31.59833,-93.53684,302.41,0.68,0.74,2025-07-20,701,N21,VIIRS,n,2.0NRT,288.83,0.83,N
USA,31.65457,-84.0142,308.18,0.56,0.43,2025-07-20,701,N21,VIIRS,n,2.0NRT,293.3,2.62,N
USA,31.65782,-84.00773,306.31,0.56,0.43,2025-07-20,701,N21,VIIRS,n,2.0NRT,292.95,2.62,N
USA,31.6585,-84.01361,328.24,0.56,0.43,2025-07-20,701,N21,VIIRS,n,2.0NRT,293.93,2.62,N
USA,32.3102,-90.1343,302.4,0.43,0.62,2025-07-20,701,N21,VIIRS,n,2.0NRT,288.59,1.26,N
USA,35.50478,-80.32876,304.11,0.43,0.38,2025-07-20,701,N21,VIIRS,n,2.0NRT,279.23,1.15,N
USA,35.57227,-80.34205,304.74,0.43,0.38,2025-07-20,701,N21,VIIRS,n,2.0NRT,281.95,0.94,N
USA,36.3529,-76.8083,297.42,0.38,0.36,2025-07-20,701,N21,VIIRS,n,2.0NRT,274.47,0.47,N
USA,36.35358,-76.81252,297.64,0.38,0.36,2025-07-20,701,N21,VIIRS,n,2.0NRT,274.79,0.47,N
USA,36.35617,-76.8075,331.87,0.38,0.36,2025-07-20,701,N21,VIIRS,n,2.0NRT,274.23,4.06,N
USA,36.89055,-80.09563,309.36,0.43,0.38,2025-07-20,701,N21,VIIRS,n,2.0NRT,285.41,0.96,N
USA,37.17951,-77.44824,301.6,0.39,0.36,2025-07-20,701,N21,VIIRS,n,2.0NRT,267.16,0.77,N
USA,37.32371,-77.84016,303.43,0.39,0.36,2025-07-20,701,N21,VIIRS,n,2.0NRT,288.55,0.62,N
USA,37.96713,-90.07674,311.21,0.48,0.64,2025-07-20,701,N21,VIIRS,n,2.0NRT,287.76,2.64,N
USA,38.00224,-86.14451,302.37,0.58,0.52,2025-07-20,701,N21,VIIRS,n,2.0NRT,290.69,0.69,N
USA,38.0066,-90.07957,303.85,0.48,0.65,2025-07-20,701,N21,VIIRS,n,2.0NRT,285.76,2.44,N
USA,38.00898,-90.08016,307.5,0.48,0.64,2025-07-20,701,N21,VIIRS,n,2.0NRT,285.51,1.82,N
USA,38.27084,-89.29218,305.35,0.43,0.62,2025-07-20,701,N21,VIIRS,n,2.0NRT,289.28,0.55,N
USA,46.5154,-84.39269,296.73,0.4,0.6,2025-07-20,837,N21,VIIRS,n,2.0URT,283.8,0.88,N
USA,46.72858,-92.07815,308.45,0.6,0.4,2025-07-20,837,N21,VIIRS,n,2.0URT,286.48,1.96,N
USA,46.73233,-92.07635,305.02,0.6,0.4,2025-07-20,837,N21,VIIRS,n,2.0URT,288.46,1.96,N
USA,46.85859,-95.37994,296.16,0.4,0.4,2025-07-20,837,N21,VIIRS,n,2.0URT,284.8,0.49,N
USA,40.7323,-86.4357,303.01,0.5,0.7,2025-07-20,838,N21,VIIRS,n,2.0URT,283,1.03,N
USA,41.11812,-85.3535,319.24,0.5,0.7,2025-07-20,838,N21,VIIRS,n,2.0URT,283.17,3.22,N
USA,41.36339,-84.92195,299.45,0.6,0.7,2025-07-20,838,N21,VIIRS,n,2.0URT,288.5,0.92,N
USA,41.36848,-84.92068,304.68,0.6,0.7,2025-07-20,838,N21,VIIRS,n,2.0URT,289.24,2.31,N
USA,41.36921,-84.91869,300.77,0.6,0.7,2025-07-20,838,N21,VIIRS,n,2.0URT,289.22,2,N
USA,41.61139,-87.32823,325.94,0.4,0.6,2025-07-20,838,N21,VIIRS,n,2.0URT,287.83,4.66,N
USA,41.61795,-87.33021,331.26,0.4,0.6,2025-07-20,838,N21,VIIRS,n,2.0URT,288.59,3.84,N
USA,41.61799,-87.35159,299.77,0.4,0.6,2025-07-20,838,N21,VIIRS,n,2.0URT,285.46,0.9,N
USA,41.61927,-87.33486,302.88,0.4,0.6,2025-07-20,838,N21,VIIRS,n,2.0URT,287.37,3.84,N
USA,41.6219,-87.34416,307.59,0.4,0.6,2025-07-20,838,N21,VIIRS,n,2.0URT,286.58,1.94,N
USA,41.62321,-87.34883,303.19,0.4,0.6,2025-07-20,838,N21,VIIRS,n,2.0URT,286.44,0.9,N
USA,41.62431,-87.14413,298.45,0.4,0.6,2025-07-20,838,N21,VIIRS,n,2.0URT,282.99,0.88,N
USA,41.63489,-87.13866,304.07,0.4,0.6,2025-07-20,838,N21,VIIRS,n,2.0URT,284.95,3.05,N
USA,41.64029,-87.40933,305.18,0.4,0.6,2025-07-20,838,N21,VIIRS,n,2.0URT,280.16,1.41,N
USA,41.6415,-87.14056,328.15,0.4,0.6,2025-07-20,838,N21,VIIRS,n,2.0URT,284,3.05,N
USA,41.67228,-87.45808,315.39,0.4,0.6,2025-07-20,838,N21,VIIRS,n,2.0URT,283.68,7.04,N
USA,41.6794,-87.42098,304.27,0.4,0.6,2025-07-20,838,N21,VIIRS,n,2.0URT,276.74,1.59,N
USA,42.27799,-83.10978,298.38,0.6,0.7,2025-07-20,838,N21,VIIRS,n,2.0URT,287.68,1.05,N
USA,42.2793,-83.1133,308.53,0.6,0.7,2025-07-20,838,N21,VIIRS,n,2.0URT,287.92,1.54,N
USA,42.28032,-83.1168,300.48,0.6,0.7,2025-07-20,838,N21,VIIRS,n,2.0URT,287.57,1.05,N
USA,42.28931,-83.16621,299.85,0.6,0.7,2025-07-20,838,N21,VIIRS,n,2.0URT,287.67,2.35,N
USA,42.29762,-83.16953,302.72,0.6,0.7,2025-07-20,838,N21,VIIRS,n,2.0URT,287.55,2.46,N
USA,42.29889,-83.17277,303.6,0.6,0.7,2025-07-20,838,N21,VIIRS,n,2.0URT,287.34,3.28,N
USA,42.29908,-83.15179,304.16,0.6,0.7,2025-07-20,838,N21,VIIRS,n,2.0URT,287.47,3.66,N
USA,42.30031,-83.15518,299.78,0.6,0.7,2025-07-20,838,N21,VIIRS,n,2.0URT,287.21,3.5,N
USA,43.74721,-97.96342,301.22,0.4,0.4,2025-07-20,838,N21,VIIRS,n,2.0URT,287.79,0.67,N
USA,44.16811,-87.70129,297.06,0.3,0.6,2025-07-20,838,N21,VIIRS,n,2.0URT,286.48,0.42,N
USA,44.52464,-88.01315,305.52,0.3,0.5,2025-07-20,838,N21,VIIRS,n,2.0URT,288.43,0.76,N
USA,44.82774,-95.82523,311.22,0.4,0.4,2025-07-20,838,N21,VIIRS,n,2.0URT,286.9,1.26,N
USA,44.99483,-108.62714,298.34,0.5,0.5,2025-07-20,838,N21,VIIRS,n,2.0URT,288.05,0.59,N
USA,45.0904,-114.86035,297.44,0.5,0.7,2025-07-20,838,N21,VIIRS,n,2.0URT,281.99,2.17,N
USA,45.10231,-114.85313,297.14,0.5,0.7,2025-07-20,838,N21,VIIRS,n,2.0URT,281.99,1.93,N
USA,45.10244,-114.8595,306.6,0.5,0.7,2025-07-20,838,N21,VIIRS,n,2.0URT,282.23,1.93,N
USA,45.11275,-114.77898,303.03,0.5,0.7,2025-07-20,838,N21,VIIRS,n,2.0URT,278.6,1.78,N
USA,45.11289,-114.78542,303.54,0.5,0.7,2025-07-20,838,N21,VIIRS,n,2.0URT,279.45,2.73,N
USA,45.11881,-114.78136,322.71,0.5,0.7,2025-07-20,838,N21,VIIRS,n,2.0URT,279.15,4.28,N
USA,45.11892,-114.78616,315.44,0.5,0.7,2025-07-20,838,N21,VIIRS,n,2.0URT,278.82,4.28,N
USA,45.11971,-114.82152,296.04,0.5,0.7,2025-07-20,838,N21,VIIRS,n,2.0URT,275.9,2.08,N
USA,45.12588,-114.82843,300.8,0.5,0.7,2025-07-20,838,N21,VIIRS,n,2.0URT,277.05,5.56,N
USA,45.12597,-114.83273,340.58,0.5,0.7,2025-07-20,838,N21,VIIRS,n,2.0URT,278.97,5.56,N
USA,45.12608,-114.83752,319.12,0.5,0.7,2025-07-20,838,N21,VIIRS,n,2.0URT,279.26,6.74,N
USA,45.12624,-114.84462,334.49,0.5,0.7,2025-07-20,838,N21,VIIRS,n,2.0URT,278.77,6.74,N
USA,45.13113,-114.79463,304.22,0.5,0.7,2025-07-20,838,N21,VIIRS,n,2.0URT,272.64,2.01,N
USA,45.13131,-114.80258,302.92,0.5,0.7,2025-07-20,838,N21,VIIRS,n,2.0URT,272.5,1.23,N
USA,45.1315,-114.81068,297.08,0.5,0.7,2025-07-20,838,N21,VIIRS,n,2.0URT,271.56,1.23,N
USA,45.13744,-114.80714,295.19,0.5,0.7,2025-07-20,838,N21,VIIRS,n,2.0URT,270.81,1.23,N
USA,45.50474,-115.03966,309.82,0.5,0.7,2025-07-20,838,N21,VIIRS,n,2.0URT,267.51,2.92,N
USA,45.51089,-115.04278,313.99,0.5,0.7,2025-07-20,838,N21,VIIRS,n,2.0URT,278.94,2.92,N
USA,45.69127,-91.84026,298.96,0.4,0.4,2025-07-20,838,N21,VIIRS,n,2.0URT,283.1,0.62,N
USA,45.94592,-111.47726,303.22,0.3,0.6,2025-07-20,838,N21,VIIRS,n,2.0URT,284.94,1.38,N
USA,46.12809,-95.22476,302.2,0.4,0.4,2025-07-20,838,N21,VIIRS,n,2.0URT,283.79,0.6,N
USA,47.8457,-117.75067,301.04,0.7,0.7,2025-07-20,838,N21,VIIRS,n,2.0URT,282.26,5.43,N
USA,47.85268,-117.73689,309.98,0.7,0.7,2025-07-20,838,N21,VIIRS,n,2.0URT,285.8,17.23,N
USA,47.85271,-117.7412,302.29,0.7,0.7,2025-07-20,838,N21,VIIRS,n,2.0URT,286.29,6.31,N
USA,47.85278,-117.73003,333.17,0.7,0.7,2025-07-20,838,N21,VIIRS,n,2.0URT,284.84,17.23,N
USA,47.85279,-117.73403,331.04,0.7,0.7,2025-07-20,838,N21,VIIRS,n,2.0URT,284.25,6.31,N
USA,47.85287,-117.72704,307.42,0.7,0.7,2025-07-20,838,N21,VIIRS,n,2.0URT,281.02,5.01,N
USA,47.8597,-117.73215,312.9,0.7,0.7,2025-07-20,838,N21,VIIRS,n,2.0URT,286.21,19.64,N
USA,47.85971,-117.72787,367,0.7,0.7,2025-07-20,838,N21,VIIRS,h,2.0URT,292.48,17.23,N
USA,47.85978,-117.72487,367,0.7,0.7,2025-07-20,838,N21,VIIRS,h,2.0URT,292.94,23.48,N
USA,47.85983,-117.7205,367,0.7,0.7,2025-07-20,838,N21,VIIRS,h,2.0URT,288.69,32.41,N
USA,47.85987,-117.71751,324.91,0.7,0.7,2025-07-20,838,N21,VIIRS,n,2.0URT,285.1,23.48,N
USA,47.8664,-117.74155,318.97,0.7,0.7,2025-07-20,838,N21,VIIRS,n,2.0URT,284.06,11.21,N
USA,47.86652,-117.73349,329.62,0.7,0.7,2025-07-20,838,N21,VIIRS,n,2.0URT,287.51,15.1,N
USA,47.86653,-117.7379,330.9,0.7,0.7,2025-07-20,838,N21,VIIRS,n,2.0URT,285.98,19.64,N
USA,47.8666,-117.73077,367,0.7,0.7,2025-07-20,838,N21,VIIRS,h,2.0URT,289.83,19.64,N
USA,47.86662,-117.72681,367,0.7,0.7,2025-07-20,838,N21,VIIRS,h,2.0URT,290.24,15.1,N
USA,47.86668,-117.72411,367,0.7,0.7,2025-07-20,838,N21,VIIRS,h,2.0URT,290.69,23.48,N
USA,47.86672,-117.72006,350.78,0.7,0.7,2025-07-20,838,N21,VIIRS,n,2.0URT,286.81,30.04,N
USA,47.86676,-117.71723,321.98,0.7,0.7,2025-07-20,838,N21,VIIRS,n,2.0URT,284.38,23.48,N
USA,47.87342,-117.73264,297.5,0.7,0.7,2025-07-20,838,N21,VIIRS,n,2.0URT,281.47,15.1,N
USA,47.8735,-117.73029,309.69,0.7,0.7,2025-07-20,838,N21,VIIRS,n,2.0URT,281.3,4.86,N
USA,47.87351,-117.72665,296.97,0.7,0.7,2025-07-20,838,N21,VIIRS,n,2.0URT,280.47,15.1,N
USA,38.00184,-86.14546,301.88,0.6,0.7,2025-07-20,839,N21,VIIRS,n,2.0URT,287.84,0.93,N
USA,38.0041,-86.14698,301.92,0.6,0.7,2025-07-20,839,N21,VIIRS,n,2.0URT,287.7,0.96,N
USA,41.26756,-105.60556,304.33,0.5,0.4,2025-07-20,839,N21,VIIRS,n,2.0URT,285.95,2.07,N
USA,41.47268,-105.54406,297.75,0.5,0.4,2025-07-20,839,N21,VIIRS,n,2.0URT,283.58,0.88,N
USA,41.87826,-112.19387,303.27,0.3,0.6,2025-07-20,839,N21,VIIRS,n,2.0URT,286.46,1.73,N
USA,42.68371,-111.58893,305.94,0.3,0.5,2025-07-20,839,N21,VIIRS,n,2.0URT,286.16,3.51,N
USA,42.68395,-111.59297,343.43,0.3,0.5,2025-07-20,839,N21,VIIRS,n,2.0URT,290.01,5.18,N
USA,42.68874,-111.58829,322.44,0.3,0.5,2025-07-20,839,N21,VIIRS,n,2.0URT,286.76,2.39,N
USA,43.14406,-115.66885,299.52,0.5,0.7,2025-07-20,839,N21,VIIRS,n,2.0URT,286.98,0.85,N
USA,34.63606,-87.08627,304.88,0.7,0.7,2025-07-20,840,N21,VIIRS,n,2.0URT,284.14,1.51,N
USA,34.63963,-87.084,301.35,0.7,0.7,2025-07-20,840,N21,VIIRS,n,2.0URT,284.74,1.69,N
USA,34.94359,-85.70316,298.81,0.8,0.8,2025-07-20,840,N21,VIIRS,n,2.0URT,286.37,2.1,N
USA,35.00229,-89.91301,310.27,0.5,0.6,2025-07-20,840,N21,VIIRS,n,2.0URT,288.14,1,N
USA,35.00301,-89.91274,309.5,0.5,0.6,2025-07-20,840,N21,VIIRS,n,2.0URT,288.36,0.59,N
USA,35.04523,-90.16408,313.61,0.4,0.6,2025-07-20,840,N21,VIIRS,n,2.0URT,288.57,2.2,N
USA,35.04792,-89.18855,306.61,0.5,0.7,2025-07-20,840,N21,VIIRS,n,2.0URT,287.91,1.06,N
USA,35.2171,-89.04914,302.06,0.5,0.7,2025-07-20,840,N21,VIIRS,n,2.0URT,289.48,0.69,N
USA,35.64887,-89.93152,306.24,0.4,0.6,2025-07-20,840,N21,VIIRS,n,2.0URT,291.42,1.5,N
USA,35.65137,-87.95614,324.8,0.6,0.7,2025-07-20,840,N21,VIIRS,n,2.0URT,289.91,3.56,N
USA,35.75502,-92.01926,307.95,0.3,0.6,2025-07-20,840,N21,VIIRS,n,2.0URT,291.83,0.94,N
USA,35.78517,-94.85576,296.43,0.5,0.5,2025-07-20,840,N21,VIIRS,n,2.0URT,274.33,0.46,N
USA,35.79287,-91.74601,317.9,0.3,0.6,2025-07-20,840,N21,VIIRS,n,2.0URT,293.49,1.84,N
USA,35.88724,-89.78021,338.44,0.4,0.6,2025-07-20,840,N21,VIIRS,n,2.0URT,291.88,4.37,N
USA,35.8885,-89.78489,320.73,0.4,0.6,2025-07-20,840,N21,VIIRS,n,2.0URT,291.33,4.37,N
USA,35.88934,-89.77906,337.62,0.4,0.6,2025-07-20,840,N21,VIIRS,n,2.0URT,291.93,8.66,N
USA,35.89063,-89.78376,331,0.4,0.6,2025-07-20,840,N21,VIIRS,n,2.0URT,291.81,8.54,N
USA,35.89272,-89.77788,304.93,0.4,0.6,2025-07-20,840,N21,VIIRS,n,2.0URT,291.51,4.37,N
USA,35.93932,-89.71573,306.21,0.4,0.6,2025-07-20,840,N21,VIIRS,n,2.0URT,291.67,2.45,N
USA,35.94481,-89.7134,304.98,0.4,0.6,2025-07-20,840,N21,VIIRS,n,2.0URT,291.48,1.48,N
USA,36.19357,-95.81208,295.89,0.4,0.5,2025-07-20,840,N21,VIIRS,n,2.0URT,266.43,0.53,N
USA,36.51744,-97.83686,311.03,0.5,0.4,2025-07-20,840,N21,VIIRS,n,2.0URT,293,1.84,N
USA,37.18212,-100.63299,305.11,0.4,0.4,2025-07-20,840,N21,VIIRS,n,2.0URT,292.95,0.59,N
USA,38.56945,-112.0582,301.58,0.6,0.5,2025-07-20,840,N21,VIIRS,n,2.0URT,286.77,2.34,N
USA,38.93564,-112.8185,305.69,0.3,0.6,2025-07-20,840,N21,VIIRS,n,2.0URT,291.09,1.01,N
USA,38.94084,-112.81807,301.68,0.3,0.6,2025-07-20,840,N21,VIIRS,n,2.0URT,291.14,1.01,N
USA,38.98832,-104.41316,299.25,0.4,0.4,2025-07-20,840,N21,VIIRS,n,2.0URT,284.84,0.38,N
USA,39.56221,-112.19659,301.65,0.3,0.6,2025-07-20,840,N21,VIIRS,n,2.0URT,291.54,0.53,N
USA,39.65223,-104.70411,309.06,0.4,0.4,2025-07-20,840,N21,VIIRS,n,2.0URT,287.81,0.44,N
USA,39.74373,-104.68291,313.67,0.4,0.4,2025-07-20,840,N21,VIIRS,n,2.0URT,288.05,1.2,N
USA,39.84888,-104.7717,298.15,0.4,0.4,2025-07-20,840,N21,VIIRS,n,2.0URT,287.29,0.65,N
USA,39.85106,-104.76883,301.96,0.4,0.4,2025-07-20,840,N21,VIIRS,n,2.0URT,289.38,0.41,N
USA,40.09083,-104.8897,309.38,0.4,0.4,2025-07-20,840,N21,VIIRS,n,2.0URT,288.97,1.28,N
USA,40.13869,-110.38856,319.98,0.5,0.5,2025-07-20,840,N21,VIIRS,n,2.0URT,287.12,2.83,N
USA,40.2436,-104.87104,302.9,0.4,0.4,2025-07-20,840,N21,VIIRS,n,2.0URT,289.78,1.53,N
USA,40.28569,-110.14198,299.48,0.5,0.5,2025-07-20,840,N21,VIIRS,n,2.0URT,287.25,1.11,N
USA,40.28704,-110.14686,302.43,0.5,0.5,2025-07-20,840,N21,VIIRS,n,2.0URT,286.33,1.72,N
USA,40.58131,-104.83015,298.13,0.4,0.4,2025-07-20,840,N21,VIIRS,n,2.0URT,288.11,0.3,N
USA,40.82204,-114.25609,318.58,0.4,0.6,2025-07-20,840,N21,VIIRS,n,2.0URT,291.6,2.55,N
USA,30.49858,-89.55049,308.47,0.6,0.7,2025-07-20,841,N21,VIIRS,n,2.0URT,289.24,1.69,N
USA,30.94133,-88.0118,313.08,0.8,0.8,2025-07-20,841,N21,VIIRS,n,2.0URT,289.43,4.35,N
USA,31.15003,-87.98743,313.67,0.8,0.8,2025-07-20,841,N21,VIIRS,n,2.0URT,289.01,3.79,N
USA,31.15053,-87.99068,305.4,0.8,0.8,2025-07-20,841,N21,VIIRS,n,2.0URT,288.65,4.47,N
USA,31.36633,-90.2059,303.45,0.6,0.7,2025-07-20,841,N21,VIIRS,n,2.0URT,289.31,1.06,N
USA,31.55156,-94.43948,303.76,0.6,0.5,2025-07-20,841,N21,VIIRS,n,2.0URT,291.75,1.52,N
USA,32.24441,-97.55238,315.71,0.4,0.4,2025-07-20,841,N21,VIIRS,n,2.0URT,292.05,2.3,N
USA,32.42904,-94.68479,305.14,0.6,0.5,2025-07-20,841,N21,VIIRS,n,2.0URT,291.98,1.79,N
USA,32.45562,-97.03796,314.22,0.4,0.5,2025-07-20,841,N21,VIIRS,n,2.0URT,293.51,2.59,N
USA,32.45654,-97.04234,315.7,0.4,0.5,2025-07-20,841,N21,VIIRS,n,2.0URT,292.74,2.29,N
USA,32.45971,-97.03671,308.64,0.4,0.5,2025-07-20,841,N21,VIIRS,n,2.0URT,293.43,1.87,N
USA,33.09973,-86.80222,300.97,0.8,0.8,2025-07-20,841,N21,VIIRS,n,2.0URT,285.9,2.16,N
USA,33.28957,-95.83649,320.74,0.5,0.5,2025-07-20,841,N21,VIIRS,n,2.0URT,291.96,1.98,N
USA,33.85498,-96.73568,307.17,0.4,0.5,2025-07-20,841,N21,VIIRS,n,2.0URT,293.75,1.36,N
USA,34.20414,-97.10235,308.7,0.4,0.4,2025-07-20,841,N21,VIIRS,n,2.0URT,297.43,1.6,N
USA,34.51658,-106.24482,298.43,0.4,0.4,2025-07-20,841,N21,VIIRS,n,2.0URT,286.21,0.62,N
USA,34.60752,-117.33719,310.92,0.6,0.7,2025-07-20,841,N21,VIIRS,n,2.0URT,293.07,2.26,N
USA,35.51846,-113.31359,308.25,0.3,0.6,2025-07-20,841,N21,VIIRS,n,2.0URT,288.5,1.25,N
USA,35.96272,-101.81994,302.06,0.4,0.4,2025-07-20,841,N21,VIIRS,n,2.0URT,291.95,0.39,N
USA,36.1949,-112.11105,314.8,0.6,0.5,2025-07-20,841,N21,VIIRS,n,2.0URT,286.55,2.37,N
USA,36.19626,-112.11037,314.92,0.6,0.5,2025-07-20,841,N21,VIIRS,n,2.0URT,285.85,3.27,N
USA,36.19921,-112.103,316.93,0.6,0.5,2025-07-20,841,N21,VIIRS,n,2.0URT,284.99,3.29,N
USA,36.20052,-112.10246,312.5,0.6,0.5,2025-07-20,841,N21,VIIRS,n,2.0URT,284.38,3.73,N
USA,36.2016,-112.11591,310.65,0.6,0.5,2025-07-20,841,N21,VIIRS,n,2.0URT,284.53,2.66,N
USA,36.20503,-112.11561,314.71,0.6,0.5,2025-07-20,841,N21,VIIRS,n,2.0URT,284.63,5.01,N
USA,36.20551,-112.12209,300.98,0.6,0.5,2025-07-20,841,N21,VIIRS,n,2.0URT,284.39,1.69,N
USA,36.20694,-112.12154,307.92,0.6,0.5,2025-07-20,841,N21,VIIRS,n,2.0URT,285.01,2.66,N
USA,36.22811,-112.03228,317.73,0.6,0.5,2025-07-20,841,N21,VIIRS,n,2.0URT,285.25,3.59,N
USA,36.23087,-112.13372,303.67,0.6,0.5,2025-07-20,841,N21,VIIRS,n,2.0URT,287.69,2.1,N
USA,36.23338,-112.03749,296.11,0.6,0.5,2025-07-20,841,N21,VIIRS,n,2.0URT,281.23,1.3,N
USA,36.23602,-112.13686,305.19,0.6,0.5,2025-07-20,841,N21,VIIRS,n,2.0URT,288.51,2.1,N
USA,36.23997,-112.12434,310.1,0.6,0.5,2025-07-20,841,N21,VIIRS,n,2.0URT,285.82,2.74,N
USA,36.24088,-112.13635,303.93,0.6,0.5,2025-07-20,841,N21,VIIRS,n,2.0URT,288.74,4.09,N
USA,36.24429,-112.11664,302.81,0.6,0.5,2025-07-20,841,N21,VIIRS,n,2.0URT,284.4,2.74,N
USA,36.24482,-112.12372,318.08,0.6,0.5,2025-07-20,841,N21,VIIRS,n,2.0URT,287.8,2.74,N
USA,36.253,-112.10247,301.01,0.6,0.5,2025-07-20,841,N21,VIIRS,n,2.0URT,280.55,1.97,N
USA,36.25349,-112.10894,306,0.6,0.5,2025-07-20,841,N21,VIIRS,n,2.0URT,282.93,1.97,N
USA,36.25471,-112.06117,304.85,0.6,0.5,2025-07-20,841,N21,VIIRS,n,2.0URT,283.89,2.06,N
USA,36.25521,-112.06763,300.93,0.6,0.5,2025-07-20,841,N21,VIIRS,n,2.0URT,285.46,2.06,N
USA,36.25679,-112.08804,296.82,0.6,0.5,2025-07-20,841,N21,VIIRS,n,2.0URT,283.11,1.84,N
USA,36.25732,-112.09504,299.74,0.6,0.5,2025-07-20,841,N21,VIIRS,n,2.0URT,283.89,1.84,N
USA,36.25954,-112.06042,311.21,0.6,0.5,2025-07-20,841,N21,VIIRS,n,2.0URT,286.12,2.06,N
USA,36.26003,-112.06679,300.33,0.6,0.5,2025-07-20,841,N21,VIIRS,n,2.0URT,285.7,2.06,N
USA,36.26055,-112.07353,297.66,0.6,0.5,2025-07-20,841,N21,VIIRS,n,2.0URT,285.27,2.19,N
USA,36.26163,-112.08752,303.44,0.6,0.5,2025-07-20,841,N21,VIIRS,n,2.0URT,284.51,1.84,N
USA,36.26438,-112.05986,298.06,0.6,0.5,2025-07-20,841,N21,VIIRS,n,2.0URT,284.48,2.26,N
USA,36.26487,-112.06615,320.28,0.6,0.5,2025-07-20,841,N21,VIIRS,n,2.0URT,287.97,2.26,N
USA,36.26538,-112.0728,325.85,0.6,0.5,2025-07-20,841,N21,VIIRS,n,2.0URT,288.11,3.94,N
USA,36.26592,-112.07972,302.33,0.6,0.5,2025-07-20,841,N21,VIIRS,n,2.0URT,284.92,3.94,N
USA,36.26648,-112.08689,297.09,0.6,0.5,2025-07-20,841,N21,VIIRS,n,2.0URT,283.46,2.11,N
USA,36.26922,-112.05934,296.54,0.6,0.5,2025-07-20,841,N21,VIIRS,n,2.0URT,283.24,2.26,N
USA,36.26972,-112.0657,299.63,0.6,0.5,2025-07-20,841,N21,VIIRS,n,2.0URT,284.5,2.26,N
USA,36.27023,-112.0722,312.67,0.6,0.5,2025-07-20,841,N21,VIIRS,n,2.0URT,287.17,3.94,N
USA,36.27075,-112.07893,318.36,0.6,0.5,2025-07-20,841,N21,VIIRS,n,2.0URT,286.74,3.94,N
USA,36.27455,-112.06497,297.55,0.6,0.5,2025-07-20,841,N21,VIIRS,n,2.0URT,285.45,7.33,N
USA,36.27505,-112.07149,337.44,0.6,0.5,2025-07-20,841,N21,VIIRS,n,2.0URT,289.2,15.13,N
USA,36.27559,-112.07826,321.77,0.6,0.5,2025-07-20,841,N21,VIIRS,n,2.0URT,287.84,15.13,N
USA,36.27888,-112.05788,311.3,0.6,0.5,2025-07-20,841,N21,VIIRS,n,2.0URT,283.12,7.33,N
USA,36.27937,-112.06418,341.85,0.6,0.5,2025-07-20,841,N21,VIIRS,n,2.0URT,291.94,7.33,N
USA,36.27988,-112.07072,367,0.6,0.5,2025-07-20,841,N21,VIIRS,h,2.0URT,299.77,15.13,N
USA,36.28042,-112.07752,348.98,0.6,0.5,2025-07-20,841,N21,VIIRS,n,2.0URT,293.8,15.13,N
USA,36.28099,-112.08488,295.29,0.6,0.5,2025-07-20,841,N21,VIIRS,n,2.0URT,283.69,3.23,N
USA,36.28277,-112.06133,320.32,0.6,0.5,2025-07-20,841,N21,VIIRS,n,2.0URT,282.17,5.64,N
USA,36.28323,-112.06778,325.54,0.6,0.5,2025-07-20,841,N21,VIIRS,n,2.0URT,282.62,5.64,N
USA,36.28371,-112.07438,316.94,0.6,0.5,2025-07-20,841,N21,VIIRS,n,2.0URT,283.02,4.22,N
USA,36.28421,-112.08137,312.22,0.6,0.5,2025-07-20,841,N21,VIIRS,n,2.0URT,286.4,4.22,N
USA,36.28421,-112.06362,315.31,0.6,0.5,2025-07-20,841,N21,VIIRS,n,2.0URT,281.41,4.05,N
USA,36.28581,-112.08384,306.84,0.6,0.5,2025-07-20,841,N21,VIIRS,n,2.0URT,285.62,2.2,N
USA,36.31994,-112.03577,311.63,0.6,0.5,2025-07-20,841,N21,VIIRS,n,2.0URT,282.7,3.74,N
USA,36.32479,-112.03538,317.16,0.6,0.5,2025-07-20,841,N21,VIIRS,n,2.0URT,284.89,3.74,N
USA,36.32526,-112.04173,297.34,0.6,0.5,2025-07-20,841,N21,VIIRS,n,2.0URT,281.64,1.46,N
USA,36.33011,-112.04128,306.04,0.6,0.5,2025-07-20,841,N21,VIIRS,n,2.0URT,284.33,6.18,N
USA,36.33544,-112.04714,338.94,0.6,0.5,2025-07-20,841,N21,VIIRS,n,2.0URT,285.39,6.18,N
USA,36.33592,-112.05355,331.39,0.6,0.5,2025-07-20,841,N21,VIIRS,n,2.0URT,283.43,5.64,N
USA,36.33642,-112.06018,314.38,0.6,0.5,2025-07-20,841,N21,VIIRS,n,2.0URT,281.38,5.64,N
USA,36.3577,-114.9115,318.98,0.4,0.6,2025-07-20,841,N21,VIIRS,n,2.0URT,296.31,3.39,N
USA,36.73413,-112.16239,299.79,0.6,0.5,2025-07-20,841,N21,VIIRS,n,2.0URT,287.31,2.62,N
USA,36.73903,-112.16186,308.79,0.6,0.5,2025-07-20,841,N21,VIIRS,n,2.0URT,288.97,2.62,N
USA,29.36828,-94.90733,306,0.3,0.6,2025-07-20,842,N21,VIIRS,n,2.0URT,291.74,2.75,N
USA,29.36904,-94.91063,306.64,0.3,0.6,2025-07-20,842,N21,VIIRS,n,2.0URT,291.76,2.75,N
USA,29.38758,-94.74186,312.64,0.3,0.6,2025-07-20,842,N21,VIIRS,n,2.0URT,288.32,2.04,N
USA,29.59362,-89.89147,321.25,0.6,0.7,2025-07-20,842,N21,VIIRS,n,2.0URT,290.86,17.72,N
USA,29.59536,-89.89778,367,0.6,0.7,2025-07-20,842,N21,VIIRS,h,2.0URT,291.49,17.72,N
USA,29.73881,-95.00506,304.42,0.3,0.5,2025-07-20,842,N21,VIIRS,n,2.0URT,288.75,1.28,N
USA,29.74217,-94.99717,298.93,0.3,0.5,2025-07-20,842,N21,VIIRS,n,2.0URT,283.33,1.62,N
USA,29.74292,-95.00037,302.61,0.3,0.5,2025-07-20,842,N21,VIIRS,n,2.0URT,286.42,1.28,N
USA,29.74591,-95.01313,304.87,0.3,0.5,2025-07-20,842,N21,VIIRS,n,2.0URT,287.54,2.33,N
USA,29.75814,-93.87908,302.55,0.4,0.6,2025-07-20,842,N21,VIIRS,n,2.0URT,282.99,1.52,N
USA,29.99332,-90.39381,303.93,0.6,0.7,2025-07-20,842,N21,VIIRS,n,2.0URT,290.73,5.48,N
USA,29.99676,-90.39445,308.52,0.6,0.7,2025-07-20,842,N21,VIIRS,n,2.0URT,290.89,3.63,N
USA,29.99835,-90.40022,307.25,0.6,0.7,2025-07-20,842,N21,VIIRS,n,2.0URT,291.12,2.47,N
USA,29.99994,-90.406,303.69,0.6,0.7,2025-07-20,842,N21,VIIRS,n,2.0URT,290.89,2.47,N
USA,30.00257,-90.40314,304.4,0.6,0.7,2025-07-20,842,N21,VIIRS,n,2.0URT,290.87,3.79,N
USA,30.05909,-90.59744,303.92,0.6,0.7,2025-07-20,842,N21,VIIRS,n,2.0URT,290.77,2.26,N
USA,30.48373,-91.18066,307.98,0.5,0.7,2025-07-20,842,N21,VIIRS,n,2.0URT,291.56,3.94,N
USA,30.58205,-91.23951,304.77,0.5,0.7,2025-07-20,842,N21,VIIRS,n,2.0URT,290.38,1.61,N
USA,30.75087,-92.25457,303.57,0.4,0.6,2025-07-20,842,N21,VIIRS,n,2.0URT,290.45,1.74,N
USA,31.30849,-101.727,308.11,0.4,0.4,2025-07-20,842,N21,VIIRS,n,2.0URT,294.49,0.64,N
USA,31.36347,-101.7775,305.57,0.4,0.4,2025-07-20,842,N21,VIIRS,n,2.0URT,294.9,1.82,N
USA,31.36422,-101.78178,328.54,0.4,0.4,2025-07-20,842,N21,VIIRS,n,2.0URT,295.73,1.82,N
USA,31.51814,-103.41158,310.51,0.4,0.4,2025-07-20,842,N21,VIIRS,n,2.0URT,296.11,0.85,N
USA,31.67127,-103.47401,309.07,0.4,0.4,2025-07-20,842,N21,VIIRS,n,2.0URT,295.12,0.98,N
USA,31.77509,-103.63103,306.05,0.4,0.4,2025-07-20,842,N21,VIIRS,n,2.0URT,294.99,1,N
USA,31.79817,-103.92831,307.66,0.4,0.4,2025-07-20,842,N21,VIIRS,n,2.0URT,294.81,0.77,N
USA,31.80752,-103.90146,308.68,0.4,0.4,2025-07-20,842,N21,VIIRS,n,2.0URT,294.88,1.83,N
USA,31.88885,-98.54181,307.83,0.5,0.4,2025-07-20,842,N21,VIIRS,n,2.0URT,292.58,2.27,N
USA,31.91332,-103.49418,309.22,0.4,0.4,2025-07-20,842,N21,VIIRS,n,2.0URT,294.48,0.86,N
USA,31.92201,-104.02304,306.71,0.4,0.4,2025-07-20,842,N21,VIIRS,n,2.0URT,295.59,1.12,N
USA,32.01504,-102.34068,316.11,0.4,0.4,2025-07-20,842,N21,VIIRS,n,2.0URT,294.24,1.31,N
USA,32.03322,-103.66804,309.45,0.4,0.4,2025-07-20,842,N21,VIIRS,n,2.0URT,293.82,0.41,N
USA,32.13755,-101.49174,307.77,0.4,0.4,2025-07-20,842,N21,VIIRS,n,2.0URT,294.12,0.7,N
USA,32.19331,-103.57738,316.54,0.4,0.4,2025-07-20,842,N21,VIIRS,n,2.0URT,293.41,1,N
USA,32.21966,-103.53002,312.28,0.4,0.4,2025-07-20,842,N21,VIIRS,n,2.0URT,294.13,1.14,N
USA,32.26624,-104.11071,306.59,0.4,0.4,2025-07-20,842,N21,VIIRS,n,2.0URT,294.74,0.83,N
USA,32.27859,-101.40652,306.62,0.4,0.4,2025-07-20,842,N21,VIIRS,n,2.0URT,294.93,0.89,N
USA,32.40929,-101.28535,305.81,0.4,0.4,2025-07-20,842,N21,VIIRS,n,2.0URT,294.26,1.19,N
USA,32.4309,-103.65643,306.92,0.4,0.4,2025-07-20,842,N21,VIIRS,n,2.0URT,293.44,0.65,N
USA,32.71252,-114.75915,367,0.4,0.6,2025-07-20,842,N21,VIIRS,h,2.0URT,297.96,11.96,N
USA,32.7128,-114.76332,338.65,0.4,0.6,2025-07-20,842,N21,VIIRS,n,2.0URT,297.38,10.95,N
USA,32.71425,-103.35489,303.54,0.4,0.4,2025-07-20,842,N21,VIIRS,n,2.0URT,293.1,0.53,N
USA,32.79478,-104.22813,309.91,0.4,0.4,2025-07-20,842,N21,VIIRS,n,2.0URT,293.79,0.81,N
USA,32.84748,-104.39508,307.15,0.4,0.4,2025-07-20,842,N21,VIIRS,n,2.0URT,296.25,1.64,N
USA,32.97112,-102.74422,302.68,0.4,0.4,2025-07-20,842,N21,VIIRS,n,2.0URT,292.17,0.61,N
USA,33.01262,-108.35384,296.28,0.5,0.4,2025-07-20,842,N21,VIIRS,n,2.0URT,285.56,0.55,N
USA,33.01392,-108.36481,296.53,0.5,0.4,2025-07-20,842,N21,VIIRS,n,2.0URT,285.42,1.72,N
USA,33.02271,-108.34166,318.21,0.5,0.4,2025-07-20,842,N21,VIIRS,n,2.0URT,287,2.38,N
USA,33.02337,-108.34718,304.94,0.5,0.4,2025-07-20,842,N21,VIIRS,n,2.0URT,286.38,1,N
USA,33.02586,-108.33579,317.51,0.5,0.4,2025-07-20,842,N21,VIIRS,n,2.0URT,286.18,2.38,N
USA,33.0265,-108.34124,306.64,0.5,0.4,2025-07-20,842,N21,VIIRS,n,2.0URT,286.78,2.38,N
USA,33.02716,-108.34671,297.11,0.5,0.4,2025-07-20,842,N21,VIIRS,n,2.0URT,286.08,1,N
USA,33.02966,-108.33542,334.29,0.5,0.4,2025-07-20,842,N21,VIIRS,n,2.0URT,287.95,4.22,N
USA,33.0303,-108.34081,301.07,0.5,0.4,2025-07-20,842,N21,VIIRS,n,2.0URT,286.34,4.22,N
USA,33.0481,-108.35947,299.72,0.5,0.4,2025-07-20,842,N21,VIIRS,n,2.0URT,286.35,0.68,N
USA,33.04814,-108.36116,300.55,0.5,0.4,2025-07-20,842,N21,VIIRS,n,2.0URT,286.61,0.86,N
USA,33.35244,-104.47217,329.11,0.4,0.4,2025-07-20,842,N21,VIIRS,n,2.0URT,295.33,4.33,N
USA,34.60566,-117.33749,311.31,0.6,0.7,2025-07-20,842,N21,VIIRS,n,2.0URT,293.26,2.16,N
USA,28.05647,-97.43562,305.79,0.5,0.5,2025-07-20,843,N21,VIIRS,n,2.0URT,281.46,1.88,N
USA,28.05754,-97.44057,309.03,0.5,0.5,2025-07-20,843,N21,VIIRS,n,2.0URT,281.41,1.88,N
USA,28.05793,-97.43654,320.97,0.5,0.5,2025-07-20,843,N21,VIIRS,n,2.0URT,281.8,2.31,N
USA,28.24821,-99.26817,312.89,0.4,0.4,2025-07-20,843,N21,VIIRS,n,2.0URT,295.03,0.77,N
USA,28.36862,-100.09885,307.74,0.5,0.4,2025-07-20,843,N21,VIIRS,n,2.0URT,295.15,0.42,N